month,department,budget_kes,actual_spend_kes,revenue_kes,variance_kes,variance_pct,profit_after_spend_kes
2026-01,Operations,15837,15071,57567,766,4.84,42496
2026-01,Sales,30619,31513,137980,-894,-2.92,106467
2026-01,Marketing,20663,22991,20179,-2328,-11.27,-2812
2026-01,Technology,43637,46072,56862,-2435,-5.58,10790
2026-01,Administration,34068,32538,22046,1530,4.49,-10492
2026-02,Operations,33515,36800,35393,-3285,-9.8,-1407
2026-02,Sales,45607,48654,119728,-3047,-6.68,71074
2026-02,Marketing,35453,31488,39387,3965,11.18,7899
2026-02,Technology,15961,13393,45502,2568,16.09,32109
2026-02,Administration,48906,49370,60519,-464,-0.95,11149
2026-03,Operations,19104,17697,56694,1407,7.36,38997
2026-03,Sales,14920,16232,147509,-1312,-8.79,131277
2026-03,Marketing,41150,36145,57811,5005,12.16,21666
2026-03,Technology,27647,23033,40669,4614,16.69,17636
2026-03,Administration,35502,36386,23485,-884,-2.49,-12901
2026-04,Operations,51668,57364,55961,-5696,-11.02,-1403
2026-04,Sales,29666,27623,92695,2043,6.89,65072
2026-04,Marketing,15282,13399,40825,1883,12.32,27426
2026-04,Technology,31906,30716,22145,1190,3.73,-8571
2026-04,Administration,26198,26746,27480,-548,-2.09,734
2026-05,Operations,52433,56093,39043,-3660,-6.98,-17050
2026-05,Sales,39079,35706,124522,3373,8.63,88816
2026-05,Marketing,45017,47782,60774,-2765,-6.14,12992
2026-05,Technology,48192,43685,36311,4507,9.35,-7374
2026-05,Administration,22300,19220,52537,3080,13.81,33317
2026-06,Operations,47807,39307,25994,8500,17.78,-13313
2026-06,Sales,46264,47164,131888,-900,-1.95,84724
2026-06,Marketing,32277,34027,53784,-1750,-5.42,19757
2026-06,Technology,35892,35555,40240,337,0.94,4685
2026-06,Administration,13602,11620,22688,1982,14.57,11068
2026-07,Operations,30903,29707,51762,1196,3.87,22055
2026-07,Sales,48768,51181,113045,-2413,-4.95,61864
2026-07,Marketing,36707,36195,49909,512,1.39,13714
2026-07,Technology,15894,14482,45756,1412,8.88,31274
2026-07,Administration,37922,36064,16694,1858,4.9,-19370
2026-08,Operations,54257,51140,26802,3117,5.74,-24338
2026-08,Sales,54684,48678,137539,6006,10.98,88861
2026-08,Marketing,47332,42807,18206,4525,9.56,-24601
2026-08,Technology,51459,52414,31147,-955,-1.86,-21267
2026-08,Administration,17430,18391,45636,-961,-5.51,27245
2026-09,Operations,54832,51647,51537,3185,5.81,-110
2026-09,Sales,29972,26078,134191,3894,12.99,108113
2026-09,Marketing,26374,22339,16249,4035,15.3,-6090
2026-09,Technology,45176,43304,54729,1872,4.14,11425
2026-09,Administration,42833,41561,23869,1272,2.97,-17692
2026-10,Operations,52336,53848,23377,-1512,-2.89,-30471
2026-10,Sales,33311,31122,102923,2189,6.57,71801
2026-10,Marketing,22266,22468,31583,-202,-0.91,9115
2026-10,Technology,38109,32251,34899,5858,15.37,2648
2026-10,Administration,26731,29633,21490,-2902,-10.86,-8143
2026-11,Operations,27749,28579,64971,-830,-2.99,36392
2026-11,Sales,31668,35175,87598,-3507,-11.07,52423
2026-11,Marketing,23331,24149,57831,-818,-3.51,33682
2026-11,Technology,45927,41411,39714,4516,9.83,-1697
2026-11,Administration,15407,16805,20301,-1398,-9.07,3496
2026-12,Operations,17485,15399,40067,2086,11.93,24668
2026-12,Sales,43029,42760,91006,269,0.63,48246
2026-12,Marketing,35517,38251,24722,-2734,-7.7,-13529
2026-12,Technology,12839,13299,56718,-460,-3.58,43419
2026-12,Administration,40521,40852,38765,-331,-0.82,-2087
